NFG Hook Engine - Help & Workspace	NFG Hook 引擎 - 帮助与工作区
NFG Hook Engine	NFG Hook 引擎
Search app name or package...	搜索应用名称或包名…
OK	确定
Confirm	确认
Cancel	取消
Import Configuration	导入配置
Paste Configuration JSON:	粘贴 JSON 配置：
Load Pasted JSON	加载粘贴的 JSON
📂 Load from Private Hook Folder	📂 从私有 Hook 文件夹加载
Filter saved apps...	筛选已保存的应用…
Interactive Workspace	交互式工作区
⚡ Hook Creator	⚡ Hook 创建器
🎨 Dialog Builder	🎨 对话框设计器
Reference & Guides	参考与指南
🚀 Getting Started	🚀 入门指南
📚 Hook Types Table	📚 Hook 类型表
🔍 Call Tracing	🔍 调用跟踪
📦 Object Replacements	📦 对象替换
🐚 BeanShell Scripting	🐚 BeanShell 脚本
Hook Creator Workspace	Hook 创建工作区
Build configurations, manage hook task lists, and export settings natively to your device.	创建配置、管理 Hook 任务列表，并将设置导出到设备。
Target Package	目标包名
None	无
Hook Count	Hook 数量
0 Tasks	0 个任务
Analyzer Status	分析器状态
Optimal	正常
Target Application Setup	目标应用设置
Target Package Name	目标应用包名
e.g. com.target.app	例如 com.target.app
Select App	选择应用
📂 Load Saved	📂 加载已保存配置
Cracked For	适配版本
e.g. 1.0.0	例如 1.0.0
Special Note	特别说明
Quick Templates Setup	快捷模板设置
Load Hook Template	加载 Hook 模板
-- Templates --	-- 选择模板 --
⚡ BASIC HOOKS	⚡ 基础 Hook
Spoof Premium Status (Boolean Return)	伪装高级会员状态（布尔返回值）
Bypass SSL Certificate Pinning	绕过 SSL 证书固定
Skip Activity Dialog	跳过 Activity 对话框
Log Decryption Method Output	记录解密方法输出
Override Vip SharedPreference Keys	覆盖 VIP 的 SharedPreference 键值
🔧 BEANSHELL UTILITIES	🔧 BeanShell 工具
Show Toast Message at Launch	启动时显示 Toast 提示
Log Arguments to Console	将参数记录到控制台
Override Class Fields & Coins	覆盖类字段和金币数量
Call Private/Hidden Methods	调用私有或隐藏方法
Decrypt & Mutate JSON Response	解密并修改 JSON 响应
Bypass Integrity (Spoof Build Properties)	绕过完整性检查（伪装 Build 属性）
Spoof Android ID	伪装 Android ID
Deep Identity & Purchase Spoof	深度身份与购买状态伪装
Force In-App Purchase Status	强制设置应用内购买状态
System-Wide Ad Activity Blocker	全局广告 Activity 拦截
Mock GPS Location	模拟 GPS 位置
📱 DEVICE SPOOF PROFILES	📱 设备伪装配置
🎛️ ADVANCED SCRIPTS	🎛️ 高级脚本
Override App Version & Code	覆盖应用版本名称和版本号
Fast-Forward Timers (sendMessageDelayed)	加速计时器（sendMessageDelayed）
Fast-Forward Timers (postDelayed)	加速计时器（postDelayed）
Log View Hierarchy on Click	点击时记录视图层级
Print Caller Stack Trace	打印调用者堆栈
Intercept and Modify Input Arguments	拦截并修改输入参数
Comprehensive Ad Blocker + GAID Spoof	综合广告拦截与 GAID 伪装
💬 DIALOGS & OVERLAYS	💬 对话框与悬浮窗
Show Default Dialog (dialog)	显示默认对话框（dialog）
Show Standard Theme Dialog (dialog1)	显示标准主题对话框（dialog1）
BeanShell: Show Standard Panel Dialog (dialog2)	BeanShell：显示标准面板对话框（dialog2）
BeanShell: Show Holo Dark Dialog (dialog3)	BeanShell：显示 Holo 深色对话框（dialog3）
BeanShell: Show Holo Dark Panel Dialog (dialog4)	BeanShell：显示 Holo 深色面板对话框（dialog4）
BeanShell: Show Holo Light Dialog (dialog5)	BeanShell：显示 Holo 浅色对话框（dialog5）
BeanShell: Show Holo Light Panel Dialog (dialog6)	BeanShell：显示 Holo 浅色面板对话框（dialog6）
BeanShell: Persistent Hover Overlay (View Resource Inspector)	BeanShell：常驻悬浮窗（视图资源检查器）
Configure Hook Task	配置 Hook 任务
Class Name	类名
e.g. com.target.app.MainActivity	例如 com.target.app.MainActivity
Method/Constructor Name	方法或构造函数名称
e.g. isPremium	例如 isPremium
Interception Type	拦截类型
Return / Spoof Value	返回值 / 伪装值
e.g. true	例如 true
Method Parameters	方法参数
+ Add Param	+ 添加参数
Quick Parameter Types:	快捷参数类型：
Add Task to List	添加到任务列表
Tasks Workspace	任务工作区
Script Editor	脚本编辑器
Generated Config	生成的配置
Analyzer	分析器
Added Hook Tasks	已添加的 Hook 任务
No hook tasks added yet.	尚未添加 Hook 任务。
Clear All Tasks	清空所有任务
BeanShell Script Editor	BeanShell 脚本编辑器
Copy Code	复制代码
Log	日志
Toast	Toast 提示
Get Arg	获取参数
Set Arg	设置参数
Set Ret	设置返回值
🎲 Randomize Device	🎲 随机设备
📍 Randomize GPS	📍 随机 GPS
Reflect Field	反射字段
Generated Config Preview	生成的配置预览
Import JSON	导入 JSON
Copy	复制
Add hook tasks to view generated configuration JSON...	添加 Hook 任务后可查看生成的 JSON 配置…
Configuration Analysis	配置分析
Real-time checks and warnings to prevent configuration validation issues at runtime.	实时检查并提示问题，帮助避免运行时出现配置校验错误。
No issues detected. Add hook tasks to analyze.	未发现问题。添加 Hook 任务后可进行分析。
Save & Export Config to Device	保存配置并导出到设备
Dialog Builder	对话框设计器
Design beautiful native alert dialogs visually, watch real-time simulated actions, and export the code.	可视化设计原生提示对话框，实时预览模拟操作，并导出代码。
Dialog Variable / Style Theme	对话框变量 / 样式主题
dialog (Device Default)	dialog（设备默认）
dialog1 (Standard Theme)	dialog1（标准主题）
dialog2 (Standard Panel)	dialog2（标准面板）
dialog3 (Holo Dark)	dialog3（Holo 深色）
dialog4 (Holo Dark Panel)	dialog4（Holo 深色面板）
dialog5 (Holo Light)	dialog5（Holo 浅色）
dialog6 (Holo Light Panel)	dialog6（Holo 浅色面板）
custom (Fully Customizable Dialog)	custom（完全自定义对话框）
Trigger Lifecycle	触发生命周期
onResume (Every entry)	onResume（每次进入）
onCreate (First start only)	onCreate（仅首次创建）
Entry Animation	入场动画
Fade In	淡入
Slide Up	向上滑入
Slide Down	向下滑入
Scale Up	缩放进入
Rotate In	旋转进入
Bounce In	弹跳进入
Perspective Flip	透视翻转
Custom View Layout settings	自定义视图布局设置
Background Color	背景颜色
Corner Radius (px)	圆角半径（px）
Layout Padding (px)	布局内边距（px）
Border Color	边框颜色
Border Width (px)	边框宽度（px）
Title Color	标题颜色
Title Size (sp)	标题字号（sp）
Title Align	标题对齐
Center	居中
Left	左对齐
Right	右对齐
Title Margin Bottom	标题下边距
Msg Color	正文颜色
Msg Size (sp)	正文字号（sp）
Msg Align	正文对齐
Msg Margin Bottom	正文下边距
Btn BG Color	按钮背景色
Btn Text Color	按钮文字颜色
Btn Radius (px)	按钮圆角（px）
Btn Row Align	按钮行对齐
Dialog Title	对话框标题
e.g. License Status	例如：许可证状态
Dialog Message Content	对话框正文
e.g. All features have been successfully activated.	例如：所有功能均已激活。
This application has been successfully cracked by NFG Multi Crack.	此应用已由 NFG Multi Crack 成功破解。
Positive Btn Text	确认按钮文字
e.g. OK	例如：确定
Positive Click Action Code (BeanShell)	确认按钮操作代码（BeanShell）
Negative Btn Text	取消按钮文字
e.g. Cancel	例如：取消
Negative Click Action Code	取消按钮操作代码
Neutral Btn Text	中立按钮文字
e.g. Info	例如：信息
Neutral Click Action Code	中立按钮操作代码
Generated BeanShell Code	生成的 BeanShell 代码
Inject to Script	插入脚本
Toast message	Toast 提示内容
📱 Interactive Live Device preview. Click buttons to simulate events!	📱 设备交互预览。点击按钮可模拟操作！
Hook Types Reference Guide	Hook 类型参考指南
Filter and view definitions for all available Hook configurations.	筛选并查看所有可用 Hook 配置的定义。
Search for hook types, methods...	搜索 Hook 类型或方法…
HookType Enum	HookType 枚举
Description	说明
Scope	作用域
Call Tracing Hooks	调用跟踪 Hook
Learn how call tracing works to capture argument lists, runtime states, and decryption keys.	了解如何通过调用跟踪获取参数列表、运行时状态和解密密钥。
Interception Analysis	拦截分析
Trace hooks (`TRACE_CALL` & `TRACE_CONSTRUCTOR`) enable real-time auditing of execution paths without modifying code manually. Traced method parameters, invocation states, and calling stacks are automatically logged to the Xposed/LSPosed console.	跟踪 Hook（`TRACE_CALL` 和 `TRACE_CONSTRUCTOR`）无需手动修改代码，即可实时审查执行路径。方法参数、调用状态和调用堆栈会自动记录到 Xposed/LSPosed 控制台。
Expected Output Log format:	预期日志输出格式：
Object & Map Replacements	对象与 Map 替换
Replace complex parameters or return objects instantly without writing custom Java wrappers.	无需编写自定义 Java 包装类，即可替换复杂参数或返回对象。
HashMap Replacements	HashMap 替换
The `REPLACE_MAP` hook type deserializes JSON string payloads to construct native `java.util.HashMap` objects directly at runtime, which are returned as the target method's execution results.	`REPLACE_MAP` 类型会反序列化 JSON 字符串，在运行时直接构建原生 `java.util.HashMap` 对象，并将其作为目标方法的执行结果返回。
Sample JSON Payload:	JSON 数据示例：
BeanShell Script Integration	BeanShell 脚本集成
Run dynamic, context-aware Java scripting blocks within target method execution paths.	在目标方法的执行路径中运行可访问上下文的动态 Java 脚本。
Implicit Imports & Shortcuts	自动导入与快捷方式
The following classes are automatically imported for clean, lightweight scripting without verbose declarations:	以下类会自动导入，无需冗长声明即可编写简洁脚本：
(aliased as	（别名为
Exposed Variable Bindings	可用的变量绑定
BeanShell hooks expose the following contextual variables to interact with the runtime application state:	BeanShell Hook 提供以下上下文变量，用于访问应用的运行时状态：
Variable	变量
Type	类型
Direct access to the hook's invocation parameters and states.	直接访问 Hook 的调用参数和状态。
Shorthand reference to the hooked method's input parameters.	目标方法输入参数的快捷引用。
The active instance of the class that has been hooked.	被 Hook 类的当前实例。
The target Method or Constructor reflection object.	目标 Method 或 Constructor 反射对象。
The best resolved application or activity context.	解析得到的最佳 Application 或 Activity 上下文。
The active Activity instance (available when hook context permits).	当前 Activity 实例（在 Hook 上下文允许时可用）。
The global application instance.	全局 Application 实例。
The classloader that resolved the target class.	用于解析目标类的类加载器。
A pre-bound Gson utility for JSON transformations.	预先绑定的 Gson 工具，用于 JSON 转换。
Configured SharedPreferences and Editor for read/write.	已配置的 SharedPreferences 及其 Editor，用于读写数据。
In-Script Dialog Pre-bindings	脚本内预绑定的对话框
When running inside an Activity scope, 7 styled AlertDialog objects (	在 Activity 作用域内运行时，会预先创建 7 种样式的 AlertDialog 对象（
to	至
) are pre-constructed for quick display:	），便于快速显示：
: Device Default Dialog	：设备默认对话框
: Standard Theme Dialog	：标准主题对话框
: Standard Panel Theme	：标准面板主题
: Holo Dark Dialog	：Holo 深色对话框
: Holo Dark Panel	：Holo 深色面板
: Holo Light Dialog	：Holo 浅色对话框
: Holo Light Panel	：Holo 浅色面板
In-Script Helper Methods	脚本内辅助方法
Advanced BeanShell Workflows	BeanShell 高级用法
1. Reflection: Bypassing Obfuscation & Calling Hidden Methods	1. 反射：处理混淆并调用隐藏方法
When dealing with ProGuard/R8 obfuscation or private methods, use	处理 ProGuard/R8 混淆或私有方法时，可使用
to dynamically resolve and invoke them.	动态解析并调用它们。
2. Context Manipulation: Showing Modals from Application	2. 上下文操作：从 Application 显示弹窗
If you only have access to the Application Context (e.g., when hooking	如果只能访问 Application 上下文（例如 Hook
), you cannot show standard Activity dialogs. Use system-level Toasts or Intents instead.	时），则无法显示标准 Activity 对话框。请使用系统级 Toast 或 Intent。
3. Error Handling & Exception Mocking	3. 错误处理与异常模拟
You can prevent the app from crashing during your hook by wrapping logic in try/catch, or intentionally throw Exceptions to break anti-cheat logic.	可使用 try/catch 包裹逻辑，避免 Hook 导致应用崩溃；也可主动抛出异常以中断反作弊逻辑。
4. Array and List Mutations	4. 修改数组和列表
Modifying Collections and Arrays dynamically.	动态修改集合和数组。
5. Hooking Application Initialization (attachBaseContext)	5. Hook 应用初始化（attachBaseContext）
A very common technique to bypass early integrity checks or load things before the app starts.	这是一种常见技术，用于绕过早期完整性检查或在应用启动前加载内容。
6. Persistent Hover Overlay (View Resource Inspector)	6. 常驻悬浮窗（视图资源检查器）
Creates a floating overlay that displays the resource name and ID of any view the user touches. Hook a touch event method (e.g.,	创建悬浮窗，显示用户触摸视图的资源名称和 ID。请 Hook 触摸事件方法（例如
or	或
) with	），使用
Getting Started	入门指南
Learn the core lifecycle and class resolution workflow of the NFG Hook Engine.	了解 NFG Hook 引擎的核心生命周期和类解析流程。
Overview	概览
The NFG Hook Engine utilizes Xposed runtime overrides to intercept execution. In cases where targeted classes are dynamically loaded (such as split APKs, multidex, or custom classloader configurations), the engine intercepts classloader instantiation using a queue list structure, applying hooks safely without throwing ClassNotFound crashes.	NFG Hook 引擎利用 Xposed 在运行时拦截执行。当目标类动态加载时（例如拆分 APK、多 DEX 或自定义类加载器），引擎通过队列结构拦截类加载器的实例化过程，安全应用 Hook，避免因 ClassNotFound 异常导致崩溃。
Dynamic Class Loading Flow:	动态类加载流程：
Compiling Payload	正在编译代码
ACKNOWLEDGE	知道了
